{
  "project_root": ".",
  "scan_dirs": [
    "./pil_meta",
    "./tests",
    "./scripts"
  ],
  "journal_path": "./documents",
  "output_dir": "./exports",
  "docs_dir": "./docs",
  "vault_dir": "./exports/vault",
  "snapshot_dir": "./snapshots",
  "config_self_path": "./pilconfig.json",
  "pil_module_path": ".",
  "asset_extensions": [
    ".png",
    ".json",
    ".tmx",
    ".glb",
    ".shader",
    ".svg",
    ".csv"
  ],
  "ignored_folders": [
    ".git",
    "__pycache__",
    "snapshots",
    "exports",
    ".mypy_cache",
    ".venv",
    "env",
    ".idea",
    ".pytest_cache"
  ]
}